INSERT INTO StudentManagement.students (student_id, student_full_name, student_furigana, student_nickname, email, prefecture, city, age, gender, student_remark, student_is_deleted) VALUES
('550e8400-e29b-41d4-a716-446655440001', '山田太郎', 'ヤマダタロウ', 'たろちゃん', 'yamada.taro@example.com', '東京都', '渋谷区', 25, '男性', '積極的に質問する学生', 0),
('550e8400-e29b-41d4-a716-446655440002', '佐藤花子', 'サトウハナコ', 'はなちゃん', 'sato.hanako@example.com', '大阪府', '大阪市', 22, '女性', NULL, 0),
('550e8400-e29b-41d4-a716-446655440003', '鈴木健', 'スズキケン', 'けんちゃん', 'suzuki.ken@example.com', '神奈川県', '横浜市', 28, 'その他', 'プログラミング経験あり', 0),
('550e8400-e29b-41d4-a716-446655440004', '田中美咲', 'タナカミサキ', NULL, 'tanaka.misaki@example.com', '福岡県', '福岡市', 30, '回答しない', NULL, 0),
('550e8400-e29b-41d4-a716-446655440005', '高橋リオ', 'タカハシリオ', 'リオ', 'takahashi.rio@example.com', '北海道', '札幌市', 24, 'ノンバイナリー', '海外留学経験あり', 0);

INSERT INTO StudentManagement.students_courses (course_id, student_id, course_name) VALUES
(1, '550e8400-e29b-41d4-a716-446655440001', 'Javaコース'),
(2, '550e8400-e29b-41d4-a716-446655440001', 'AWSコース'),
(3, '550e8400-e29b-41d4-a716-446655440002', 'デザインコース'),
(4, '550e8400-e29b-41d4-a716-446655440002', 'フロントエンドコース'),
(5, '550e8400-e29b-41d4-a716-446655440003', 'マーケティングコース'),
(6, '550e8400-e29b-41d4-a716-446655440003', 'AWSコース'),
(7, '550e8400-e29b-41d4-a716-446655440004', 'Javaコース'),
(8, '550e8400-e29b-41d4-a716-446655440004', 'フロントエンドコース'),
(9, '550e8400-e29b-41d4-a716-446655440005', 'デザインコース'),
(10, '550e8400-e29b-41d4-a716-446655440005', 'マーケティングコース');

INSERT INTO StudentManagement.students_courses_status (status_id, course_id, status, temporary_applied_at, official_applied_at, course_started_at, course_completed_at) VALUES
(1, 1, '本申込', '2025-10-01 09:00:00', '2025-10-05 09:00:00', NULL, NULL),
(2, 2, '本申込', '2025-09-25 09:00:00', '2025-09-30 09:00:00', NULL, NULL),
(3, 3, '受講中', '2025-08-20 09:00:00', '2025-08-25 09:00:00', '2025-09-01 09:00:00', '2026-06-28 09:00:00'),
(4, 4, '受講修了', '2025-07-10 09:00:00', '2025-07-15 09:00:00', '2025-07-20 09:00:00', '2026-05-16 09:00:00'),
(5, 5, '仮申込', '2025-11-01 09:00:00', NULL, NULL, NULL),
(6, 6, '本申込', '2025-11-02 09:00:00', '2025-11-03 09:00:00', NULL, NULL),
(7, 7, '受講中', '2025-10-05 09:00:00', '2025-10-07 09:00:00', '2025-10-10 09:00:00', '2026-08-06 09:00:00'),
(8, 8, '受講修了', '2025-07-01 09:00:00', '2025-07-05 09:00:00', '2025-07-10 09:00:00', '2026-05-06 09:00:00'),
(9, 9, '本申込', '2025-08-01 09:00:00', '2025-08-05 09:00:00', NULL, NULL),
(10, 10, '仮申込', '2025-11-05 09:00:00', NULL, NULL, NULL);


